Turbidity,TDS,Flow1,Flow2,days_left_clogging,filter_no
2046.5057076505618,1859.3669657289483,1.1638939069354715,1.5816561666759392,39,1
1975.8286578090815,1860.2234043967856,0.12170254722010587,0.6926736895911282,40,1
1992.6260932988243,1835.8946983645258,0.6860189750243766,0.5024794685535268,22,2
1899.714709247199,1904.3637676523135,0.8115907645103756,0.8377346016258064,51,1
2028.7932301193327,1865.6527674901924,1.3546609920769972,0.8638072131977457,7,1
1991.6573074947046,1925.233015810163,1.0240853284947755,0.6297181545388841,47,1
2069.112142885951,1963.6599355530343,0.7656769909933319,1.075624003523746,17,1
2062.7972456051593,1793.6904852350915,0.9918745292418641,0.045785475369019,42,1
1998.596714091291,1871.79887489619,0.8408960205251026,1.4395937124297422,10,2
2032.6019158026932,1921.248503029549,0.5144385455968778,0.2117672518302326,18,1
2138.7073167051526,1932.7281013457205,0.9477952597798613,1.0948240285685606,45,1
2037.87419846974,1844.3933416547436,0.6446465758800641,1.1797492433788228,24,1
2068.1992200385553,1908.8728895201828,1.183788581610697,0.9865585100761789,58,1
1946.262335522626,1934.4669165309458,0.8403290084619032,0.7290209608693415,24,1
2069.170269775359,1972.4969990935722,1.089490950184006,0.16722926614064637,35,1
2039.7518012523817,1828.6177348872893,1.0516670773592982,1.5882741258114925,14,1
2190.2848126813337,1811.9179578259127,0.7537337511140412,0.8831589374236369,13,2
2029.1944539055298,1860.874110751652,1.9423430624799525,0.45793491803440867,4,1
2010.6864056081245,1889.4198293383795,1.4893344655386742,0.6814428337413215,36,2
2028.4576914738243,1904.6457728280584,1.1863526740424266,1.0691672095176907,42,2
2046.7424165762404,1938.0183236112098,1.0107898130620616,1.0487001870756587,44,1
2069.802064499985,1855.033658831889,0.6065751711473705,0.7513378379262335,25,1
1986.5673453061324,1847.876829773069,0.7562936039721943,0.2645899078737357,52,2
1954.2005013383496,1805.9312510210038,0.9597887978337449,0.35899531824523234,37,2
1966.8567102359323,1923.2579821968448,0.6489042368696719,0.6834197162448635,32,2
2115.9792950605265,1878.346053978465,1.0109597531633236,0.8771693511471202,52,1
2062.5636756108283,1803.7756621856786,0.6127357687568491,1.111720301085142,56,1
2026.7873841274834,1841.5100369800873,0.6516005374449008,0.9117363512542487,37,2
2083.520803646823,1781.2152809933166,1.0425048822790555,1.7807858978564874,26,1
2078.811140725751,1913.3722706496644,1.2200845232408744,0.5089601324355202,24,1
2039.477991519469,1866.427560290115,1.3874757716005521,0.7382490112821645,16,2
1996.9983758898338,1923.760198239412,1.5789891418419573,1.2952529322952022,19,1
2066.0455807208136,1904.4876432714257,0.6276431867993453,0.7909592078376204,41,2
1975.69878828831,1961.7843539043974,0.6029647094041951,0.7679708713532971,23,2
2115.285955866036,1891.8016856972429,0.6647584122686908,0.679594487526131,48,2
2089.864326220855,2021.7975381203396,0.7827995445310738,0.8192127777608823,12,1
2071.694280388105,1877.0018656437285,0.6742522797358832,0.5366430686226247,19,2
2047.767078280845,1885.7720701761468,1.0081931973355835,1.0627836603881664,24,1
2054.322415552488,1934.6513729047379,0.18487724863162125,1.4253663783616854,25,2
2030.4116505995737,1793.9324698635396,1.3213441777897794,1.4943715967277627,41,1
1955.1662967242607,1866.220884048685,1.4365219392203374,0.5860644863731409,3,2
2062.7730079997245,1982.8271076143396,0.8138078585268748,0.577602351518347,55,2
2048.650460079183,1776.8583979994364,0.9055141685918664,1.0922891526420275,8,1
2082.139098534332,1900.3912402239812,1.9818934863522029,0.9513505546970086,33,1
2052.95336738825,1815.754108244079,0.490210140760044,1.1227703351222447,28,1
1932.507446891724,1853.0048427353079,1.0382715674554195,1.1333997080375866,37,1
2015.4633805559172,1912.669009622163,0.7326348049208897,1.2526789595524912,21,2
1991.2013312057793,1818.4013867844253,0.001317246710371145,0.7918039068372933,42,1
2030.3290462925593,1891.130921036883,0.5635278850091558,0.9777927717219779,32,1
1964.2840013587502,1952.0575715742266,0.5747457165991141,0.4570657643094017,26,1
2065.2923578830228,1932.4377116752628,0.5340688262007027,1.5194640304398268,29,2
1988.3228312521744,1765.1180257874817,1.1674645538162802,0.276767738656052,58,2
1993.8727551112693,1860.0057537398577,0.2982616276045905,1.7921535072957917,22,2
1975.9993731338793,1840.1496541114211,0.7481974476294783,1.1726788504457057,42,2
1998.0734067105284,1933.8180028826869,0.9351977674854215,0.434714552933176,53,1
2082.189931656832,1858.5800180934716,0.7631875488365358,0.3405736941069434,35,2
2089.8417745475854,1918.0334693080292,0.9159361650778668,1.1049546414382285,30,2
2016.3102762419437,1838.257817997644,1.5344488633497102,0.7186317548365673,26,1
2046.919363949023,1920.2774817796542,0.43948380843413576,0.7624849549941418,1,2
1944.2285660087955,1846.9385034443515,0.9820713616485469,1.164852636578586,39,1
1982.2899044820565,1984.4548810034803,0.44603931816574116,1.010975960613623,22,1
2043.8609714073116,1914.7494659080464,0.5466432551413916,0.8837493179767462,48,1
1994.207354631785,1934.2939727694452,1.7383399655276155,0.6902026793864575,58,1
2098.823382592954,1948.0330043005085,0.8596624385564344,0.704641835876745,58,2
2021.7606805597338,1913.6150737620271,1.6679487107365567,1.092518803227606,16,2
2031.6229847786735,1831.3418427857,0.9373624173160875,0.7400767037839637,27,2
2052.0619270167404,1930.3941094315583,0.5045142762576116,1.000088777422586,51,1
2043.984467400096,1936.6870339052355,1.106559288754224,1.377741613260242,43,2
2035.7195933867517,1829.9778957975507,0.8284160778599481,0.6925865878154548,26,1
1965.4224131083572,1945.5248364057284,0.8988587886211659,0.15305681933870852,58,1
2069.270554692335,1955.876381679384,1.0519094534814486,1.1663595331097545,21,1
2024.2071979427633,1897.7607267741575,1.567895759850575,0.08335922618695535,35,2
2020.6249203017926,1874.8728612540663,1.4108446391490626,0.649117017523399,24,2
2030.6946252749774,1932.7315191297957,1.209675468247679,0.41997675857985295,23,2
2001.2742323614352,1883.6267987289964,0.9147614315567043,1.3205419310325688,48,1
1944.4200525701501,1816.6290708131269,1.0636804207751775,0.8550843658111853,31,1
2026.5197982496359,1903.8611928765063,0.5892574921724788,1.832742788577288,35,2
2077.847089084576,1997.776114745576,0.7757051636535868,1.0199477128552823,53,1
1986.7126710954042,1867.2200991944212,0.09071304253693047,1.690760298805923,23,2
2112.3533287939454,1892.2996956371298,0.9453084540968112,0.9464841221880113,38,2
2033.9183285554361,1837.0004473608183,0.7253529841976175,1.0123340223747177,37,2
2043.9453450640692,1779.0750962004997,1.0236340621225535,0.827433794250173,45,1
1988.458627834779,1950.2684228857224,0.11146623349092155,1.6023842357193185,26,2
1985.4533102326452,1753.9577625937875,0.6849130320673898,0.2520393224726475,58,1
2064.267223378234,1914.3675935611705,1.1274395753356625,1.2333294538522594,3,1
2046.3043241900202,1873.1466290386593,0.34332089079094363,0.5377356211386768,56,2
1893.4529009269654,1937.0803702531593,0.1664750896882945,1.1742001566906513,16,2
2032.874624090521,1868.5189389807624,0.9482890306311421,0.5691026853197393,20,2
1986.57932787362,1809.083596020875,1.4732078316394248,0.6005503101395471,11,2
2016.1234032185246,1926.9844203398536,0.3404830120436345,1.2557468272131482,28,1
1961.2138805219508,1964.1630773536215,0.6132928125194544,0.5240902391151602,37,1
2038.757798788858,1981.5760309124305,1.2825661445689318,0.6555854878528803,28,2
1989.3550250349626,1843.2726659512875,1.5703965061254035,0.1469309481029375,25,1
2056.682147668121,1859.7288337341574,0.8811444426095727,0.78554045565664,1,1
2038.700762564418,1866.9191373804572,1.4479720962465206,0.6110963329899175,25,1
2015.9430077373693,1942.8491895930567,0.2849843577526081,0.6456756148773861,48,1
2032.6041546138072,1838.3695413538624,1.5524331146585897,1.0093287905872712,3,1
2097.481666146695,1886.7108145199422,0.7872947063791553,0.20478654861097023,46,2
1979.2439650306044,1810.9561349511375,1.0406039315772113,0.7962651454362975,40,1
1944.964291463219,1945.267393861843,1.040267092696,0.5799174373785598,34,2
2085.443162432681,1862.1999923205767,1.2773324279635498,0.6589271764279891,44,2
2072.998992327604,1877.8310133721614,0.5100097670732353,0.791329352873333,47,2
2091.509678938512,1844.1004362787403,1.3606522469025684,1.1416183652967078,39,2
2074.5912243424796,1761.0581378236645,0.44616266303501617,0.010698609607795673,34,1
2031.6767209586712,1736.0558064267552,0.7192079175512422,1.4984905276210838,55,1
2116.96536184635,1881.5628741364499,0.833689257344028,1.5360757830967913,17,2
1936.5008780322423,1864.3851062669385,1.0605536559842084,0.895581616090505,53,2
1964.267254692213,1831.2181236918148,0.19683422378426774,1.3133410323769912,47,1
1966.6074047576444,1897.3405120120133,1.2029682683918264,0.7818046921583099,3,2
2045.0589773103857,1868.6689058157924,0.374659403698407,1.1323111251235256,21,2
1995.1571190813781,1819.6540481760846,0.8680440988978133,0.45345813581305605,26,1
1960.7455179356707,1797.3619484669955,0.8936825945595258,0.5130489947894042,22,2
2064.2377132300257,1830.1196008328434,0.6213264284750026,1.1655614410834856,15,1
2061.6545611292604,1871.9413343557815,1.2113411769217528,0.5658685808605477,14,2
2103.918385675064,1852.6468136002466,1.1360103295178605,1.0472613181536994,46,1
2003.7595399754612,1922.4680485124186,0.5684712226029478,0.8100035025614825,55,1
2012.3247438719795,1864.8556867726722,0.4939850478849366,0.6214213543641601,26,2
1943.6447042808666,1880.2941607553987,0.7728847657049139,0.0,10,1
2021.2713679341691,1957.5382777593284,0.9403283765978664,0.5301736672142358,34,1
2125.893861527078,1952.1364787685734,0.12303333562579266,1.3807481719555255,37,2
2091.456596796428,1788.3029430726117,0.15979918853480435,1.3251064989246695,45,1
2046.49890794824,1855.9704157804688,0.8291543280893003,0.0,30,1
1992.0503037880567,1815.339559972758,0.9290204781543722,0.5435509986627324,40,2
2030.3683164584786,1922.832564799374,0.9065541019290846,1.1090723386035468,38,2
2048.0858304815188,1880.343544766321,1.7109816319554638,1.6242489605478543,51,1
2000.1303806038693,1897.758707196644,1.1611081467240674,0.5506801995562789,12,1
2034.656125086074,1812.893124743666,1.1603282438407305,0.17726965253938876,11,2
2011.7718515649342,1896.6825710556627,0.23200460354041497,1.4575958562066837,56,2
1991.571566055181,1913.876899741212,1.3436810090927496,1.2502924238418893,11,1
2141.163913610916,1831.0871883266761,0.8264228062531757,0.9803542319272486,5,1
2040.2272936685656,1831.113232005907,0.9439431966893768,0.841346339192093,22,1
2048.265844610942,1910.0003016835844,1.112320893602455,1.1196926958790858,37,1
2048.844157648189,1930.5402029095565,0.04442223174384019,1.0691032852809819,45,1
2107.1346247364813,1917.7989446251433,1.6047721708952176,0.7343173349319657,32,2
1928.1304039487072,1846.4298486348273,0.9172200046423042,1.6493088547133996,25,1
1961.1449420465317,1769.874753563252,0.6171337075354171,0.9342194107056454,40,1
1977.4292029041007,1885.1627698476075,0.9747561970072662,1.160901073441112,8,1
1977.5760552477968,1898.8530349908242,0.9050042930085597,1.3749882901894595,30,2
2030.7633127529248,1882.8137155688871,0.7299305273802243,0.5352186330660269,37,1
1996.827048366369,1891.2842561461816,1.1682124092782236,0.5090614908654603,5,2
2004.2936633113522,1918.056080198173,1.414494185829041,0.7139148368136727,5,2
1893.0234379307828,1844.3656801086136,1.4315319168014806,1.7916988879561635,26,1
1982.9805400448215,1792.2459479991076,0.21274166242952275,1.56975554136673,47,1
2062.3544287978325,1776.6843568005195,0.8046170026962912,0.7160198491616009,40,2
2110.778180926804,1903.5649935564152,0.9950095264973119,1.1049734494032415,42,2
1991.5376097347344,1946.733849535046,0.664051797324029,0.6915333438673201,36,2
2024.4562456144347,1934.135952120571,0.24655386515179079,1.5845316908821307,9,2
1981.8448520671207,1907.8420307244767,1.0963249932032242,1.49160783190103,35,2
2064.2823244515134,1726.9635993119934,0.8198872079930164,1.1870097459449753,18,1
2063.6963625125777,1865.4198356521358,0.7361558821457668,0.946451278115259,59,1
2009.3828467957028,1851.2097701019748,0.0,0.8860559638656449,24,1
2073.6113072555963,1825.3965609488687,0.5544938302964324,0.592201184231296,50,1
1970.8103914727305,1899.0996047246529,0.5967486562364961,0.837439774800084,40,2
2150.337990162493,1871.347584996879,0.915460282429875,0.8993608365844886,59,1
1993.3118416032303,1936.240917078179,1.7945417340475964,0.6570489451720185,29,1
2150.1663419845167,1800.5906630875988,1.454324249463793,0.0,28,1
1993.4816778938484,1651.2838785055005,0.770239420741922,1.0150886515955588,8,1
1951.294415264109,1820.5674542861536,0.4746542685773951,1.6827512655498178,23,1
2008.8291486037135,1929.8950526279498,0.2739707369624812,1.060375863354216,23,1
2026.607288881867,1859.8473944767761,1.106187187612888,0.4455129041955567,47,1
2064.768254253008,1905.5745659609254,0.9150961985460893,0.9371517616958239,46,1
2003.621691709046,1938.0876747374311,0.48622317558084027,1.1816276026624204,31,1
1991.498187254862,1852.1562488776688,1.4443560160258284,1.2495345253115815,21,2
1938.18104139658,1974.8126740119383,0.423331517467944,0.5500093146068131,2,1
2005.20345008401,1861.8808870648,0.723592026687575,1.3579179427729966,30,1
2069.155804029797,1845.8550929251423,0.7708273275624842,1.0235456964509522,30,2
2070.261134508637,1865.876866128048,0.7783996914284643,1.5036054954919402,51,2
2106.7414621763087,1873.0754352936121,0.5986333905358995,1.624758698349068,9,1
2030.2132719063973,1856.5933442612709,0.9172261017616341,1.0632835320644969,45,1
2076.8212633388894,1937.608139384194,0.9572937125899598,1.4886325498395927,42,2
1940.1903507011837,1901.2347284221098,1.6961850258908617,1.226457886688735,58,1
1993.601657045217,1886.8166931323274,0.7437074984369798,0.6250216714360575,31,2
2034.4714867156938,1927.3715863593613,1.5628659822293303,1.3573371986729956,7,2
2080.978909116206,1883.354713225701,1.4603278361497272,0.6914812646169578,46,1
2004.2693456851582,1879.8008740157086,0.3477289328737325,1.1662307063508996,21,1
2010.4197048314813,1941.0155916727692,1.0003509881245733,1.1006481504551298,40,1
1974.200055558403,2027.452845266802,1.1033806171453087,0.9915127305494394,5,2
1933.9306579712384,1860.2387652897396,0.4270724147075596,0.9740450087140421,52,2
2021.4031764581669,1827.789691235931,0.24769356737731818,1.3453208902567613,26,2
1915.702131598068,1846.4691713769387,0.5000022338080174,0.12477450270417723,43,2
1974.4354656231785,2007.4649884618689,1.2964033049948371,0.6478411342710442,49,2
1955.7026055431297,1854.0294567134738,1.3273109217864665,0.9627460999791977,8,1
2085.896651696695,1909.5565296617085,1.2383773958529916,1.5132815205821046,8,1
2018.1617144270676,1766.99003670003,1.0784103418999738,1.001590270038932,23,1
1959.1201834509077,2025.8509663288776,0.6226874734386806,0.750595820381091,7,2
2044.0019865758543,1854.8164758580754,1.352595219513776,0.8745366437943343,39,2
2089.501669109173,1703.1972434945565,1.4383594662809824,1.4821560966544172,24,1
1999.9451886283844,1848.9985578429028,0.9970764384804155,0.6988718578464066,40,1
1917.669121957655,1789.8504530318758,1.4328729709462003,1.0501564439424493,4,1
1989.1407579221573,1931.063451830051,1.2501638894749882,1.0348172025792906,42,1
2010.764805081303,1928.1703567422555,1.0104152917060594,0.9012322098626105,59,2
2025.7841994637713,1932.3941427539648,0.7072229275606541,1.5315222211218407,53,1
2151.5552321617192,1828.2991627264184,0.6443380697949824,0.23913101030640738,30,2
1937.5789837433385,1761.0666606670218,0.5679287940705637,1.260003152413336,3,1
1928.602554816159,1849.5708596857085,1.0881888850614652,1.2381208773562802,37,2
2019.935755630661,1881.9640271072158,1.517796193183118,0.4697258680341932,12,2
2049.8239436986287,1774.7816745903492,1.2359647610220388,1.0015571955085765,34,1
2080.025145719182,1966.102252505788,0.2945755476383215,0.9426176671564436,34,1
2000.8766329294108,1861.4426480874888,1.1119869583708122,1.4366342454850214,23,2
2092.695212399493,1833.1297248458652,0.5837166153431423,1.1178942603664042,32,1
2133.453734349224,1827.354732043746,0.029698457994416172,0.5226383064920821,59,1
2048.844955139467,1933.4939856702654,0.5765818682044194,0.9561882666994156,24,1
2009.8971638897654,1873.9508211995094,1.1260185562265559,0.9271450250940196,48,1
1995.7894350481915,1881.3314690660932,0.9035622247394812,1.4340814335906051,32,1
2067.044738420863,1869.932602685907,1.64108126772701,1.2718327552776105,40,1
1939.7001866167973,1895.8162788606176,1.0040889131725381,1.044749455286371,40,2
1989.777345163528,1838.9901680785104,0.7279132852030248,0.4909040430252472,45,2
2075.0037344794578,1938.692265820371,1.4518063244867108,1.1960810604270324,7,2
2073.680296411183,1862.006628669577,1.000014148624152,0.8427601323986527,18,1
2042.5826277393,1892.046663107132,0.8215202501528215,0.911505905269679,32,2
2009.2568549607442,1831.6649886444463,0.5214573186328605,0.9780936091401061,34,1
2053.9442090570537,1998.9924532138648,0.7893509318984238,1.0066452944997972,30,1
2019.3489814629302,1847.740172735236,0.7723528480222311,1.3983582968973727,15,2
2030.4472914945254,1892.5380824682306,0.8369420214096681,0.7315423719215927,17,1
2059.265130901635,1927.0202107342488,0.6373947210831294,0.8916675869837467,56,2
1993.7239076364206,1890.6391870872476,1.5236854194598615,0.8810041348668124,58,2
2055.584970559602,1864.8412084700067,1.4190746157924194,0.9574868225494328,11,2
2077.7626594713424,1947.261325364661,0.8228141908454183,0.4041912447285533,21,2
1929.33137827643,1833.3770556410536,1.3660862995482537,0.5001645024008974,34,2
1959.0930287904778,1955.3433859804445,0.877796738070113,1.4027274617303642,8,2
2000.7239940375728,1838.5274220455865,1.5475956329062754,0.0,7,1
1974.4515611228474,1887.3652429498115,1.399687092855113,1.1267094140555984,25,1
1950.3637233665352,1904.529015497095,0.3271858531814682,1.0495438982146459,22,2
1942.0997676251857,1902.0135311271936,0.6612348261650042,1.349126736376478,13,1
2015.7201012134553,1796.295936992512,0.5426873742752292,1.6238916930340839,47,1
1942.474858825714,1913.8868224727541,1.2180336621911263,1.0976267847471695,38,1
2034.5698496060033,1896.2147470600512,0.6667231285357096,1.1025908593986393,12,2
2141.771314091773,1866.3837459070144,1.1157564012362686,1.695696664877587,32,1
2072.8270602343614,1873.311201480755,0.36693422865746494,0.4216720946142766,38,1
2111.554326342476,1906.6328002501987,0.6860978360051437,1.162509006578066,55,2
2039.2645533953219,1875.8103623613588,1.5770649137451167,1.5199669453846731,31,1
2112.2690062067436,1889.4691608739674,1.0641591553424017,1.210517280437563,20,1
2074.1476357659667,1835.2840638319924,1.4264184737286558,0.9971414256693483,26,1
1992.6849544263187,1866.2926373920816,0.8230103185049271,0.374397140558672,18,1
1970.0911876564921,1835.6442402555294,1.152525126756379,1.4080320769549197,51,1
1956.1089494912444,1940.460660471789,0.7180378059849024,2.2744756158888397,28,1
2052.345898636521,1805.7055843779635,0.8091083973300488,0.1741544234199831,30,1
2017.082033800025,1898.257576409806,1.0603492509297774,1.3648209374705609,28,2
1943.5796569302265,1989.193717553495,0.8686863652285681,1.6953456829182894,2,1
2087.517178161628,1894.4060339660093,0.5618213838646788,0.3088995105789555,3,1
2095.4970174862947,1951.480542151612,0.6647794210082645,1.0845493582458974,8,1
2104.519423485239,1774.3029339053985,0.36685064609878604,1.546941408417144,2,1
2037.8600063802974,1850.0712746077284,0.2630074456651974,0.887763522390824,47,2
2098.782797302425,1977.2278233606044,0.6411908659789689,1.0315064709636224,17,2
2040.3840027788654,1862.486416854102,1.2264589049259451,0.3606171679370327,1,2
1998.2849399344054,1888.7762354916636,0.8916071330793599,1.1203750048053966,11,1
2014.1490072769084,1928.151614178645,0.6782091396839239,0.049086317361081044,12,2
2008.707477870989,1942.5986732301462,1.1643782905187423,0.2961296153000875,1,1
1984.5690129221512,1788.605905987683,1.4605810026122632,0.2019553576712836,47,2
2005.588247439131,1993.7443776693578,1.059718697274769,1.0996483664112617,28,2
2030.3654020828253,1933.8474937011997,0.7075520148450483,0.9295115397126843,14,1
2024.0892559142903,1826.0440306187315,0.8586809386742583,0.4535849047413295,53,2
2107.4578004003124,1914.5825076988162,0.7214691181148283,0.0,59,2
2067.486383735124,1888.775300871145,1.3012199630649837,0.0,50,2
2043.0635338595193,1741.0897319008966,0.6227877970270134,1.1328933716615446,21,1
2035.4984576297466,1828.278378734398,1.3306502394008428,0.8376932520955528,22,1
2061.9296337390474,1793.804000299475,0.8897616388614304,0.9966926944080925,30,2
2141.8407792619137,1864.2594596466292,0.9888308263122673,1.373338588639357,12,1
2031.5844688685934,1852.005580104732,0.9808130219959726,1.241517460566567,31,1
1967.1903450852674,1966.709968371767,0.6075216976125837,1.0408130889771934,28,1
2038.7913882610637,1800.3163967838507,1.224568585869318,0.7343404804434329,25,2
2037.7378607725136,1893.3515257569406,1.5425748174709897,1.1100086269676652,4,1
2082.829505271333,1909.8718269028163,0.8662833533976934,1.248605938489091,34,2
2057.7433136892537,1906.3024138877038,1.4155845591231466,0.7947226330947909,24,1
2070.6496475420436,1786.7769004813822,1.3448299992713861,0.2652421365676685,58,1
2101.3952531612485,1816.3726782020215,0.5213741990131275,0.0,49,2
1914.1085191064667,1975.0317640427377,0.926342102555721,0.8075119940332921,8,2
2076.153243250823,1960.8163393315406,0.028354474602071855,0.6088003823151549,26,1
1940.1363316292368,1878.1272389418054,0.0,0.6749011691347495,23,2
2051.4077170832643,1919.5288772326721,1.207500007196412,1.0340054179704947,25,2
1962.3351441156035,1960.619431813972,0.8720207547908908,0.28840550899432127,19,1
2019.9856736545644,1810.1005435584948,0.5687355344253916,0.47593588249600594,27,2
2024.559779279261,1914.4475702483014,0.5850601923005586,0.9820935683128469,30,1
1972.1885931714833,1924.8284520712853,0.5248649417329827,0.8109367808513122,11,1
1994.6538908431257,1898.90980296192,1.2819844760163368,0.6180083800804355,42,2
2014.477711454402,1916.058334379453,1.0969854580028688,0.0,47,1
2027.7848751516142,1900.7150804282076,0.9291531475676761,0.9279009358209122,9,1
2050.6345072152444,1938.1697380722924,0.7285239663532591,0.4330939437232769,42,1
2007.9038388247286,1913.3384765492742,1.202888767909756,0.6009332296200562,50,2
2056.3049662997105,1895.512586596017,1.3133046118018221,1.1612790710495624,19,2
1979.9026473370122,1997.894047084919,0.444461419740431,1.0466309332101191,35,1
2017.6570476896227,1934.0801015979025,0.3957586697596459,0.9736142600624694,37,2
2082.8992218813073,1966.2410581128088,0.30751639966968236,1.0280782899447278,14,1
1994.315235130645,1877.6784490257119,0.739548301331184,0.6053217381817815,7,2
1981.4862716015136,1967.194752863607,1.567658719117965,0.6658675854067744,49,2
2041.1680293014952,1940.801793145683,1.1770681003728247,0.7894022673134227,45,2
1966.631035858166,1824.6028834311942,0.6800668808114143,0.8228869654676372,49,1
2046.3391650205763,1926.3230837824133,0.9868976778668617,0.6445677398602561,8,1
2038.214011610723,1918.3224236709416,0.12845562811198952,1.0749589473027794,3,2
1946.6906271898533,1787.0899729974822,0.9051869153719716,0.9600094279032186,52,2
2026.4916859396747,1826.4478382229624,0.5216485836540203,1.1875713909350734,16,1
1943.8696633613158,1757.2261128857574,0.0,0.6898099173487492,23,1
1967.0543617663711,1848.5595540518489,1.38553429839184,0.9724971589151981,21,2
2009.840982463543,1843.7071073404334,1.076670106171683,1.058025173435164,53,1
2046.8568023106213,1903.0870215723667,0.490327019411644,0.5176219691121232,2,2
1944.8474129754886,1795.5223199544923,0.9335313702547888,0.19961759509726973,3,1
1966.5016696913065,1737.1463040275494,1.062322812976138,2.009412787187861,35,2
2039.9350496510895,1952.8140435978826,0.12837911218292997,1.4472867561731526,12,2
1999.7406396871354,1938.510699999032,1.1328288744524126,1.1744210039571388,52,1
1994.3569914484551,1927.2731649895986,1.1892104238863042,0.963019504344488,2,1
2020.418652062743,1917.3661554848175,1.4549613592147868,1.1559943451011714,52,1
1895.3840683198757,1871.6350450725968,0.7642885419091829,0.47238984967808245,8,1
2069.2098150168076,1662.1903629855124,0.8676492216826139,0.8796632367222188,12,1
2018.1450610970455,1897.2694330587897,0.9352739706055672,0.03881924423794281,18,2
2057.9583411581516,1839.9116155933093,0.2606783168529091,1.4640884269742285,31,1
1987.236662251853,1863.9538113237186,0.6890495812488737,0.7287793600720598,9,2
1986.2136807549045,1919.5922780255448,1.1250237045456315,0.5032071854689378,33,1
2029.6986990524933,1867.9397918893073,1.0812797625405692,1.4350750071807765,52,1
2046.2018110711358,1805.3955655467025,1.0944762195038176,1.2319799902207933,37,2
2015.2446259572098,1927.7767459224494,0.7112137055000175,0.39357054230844823,28,2
1955.822221295157,1863.2138945866193,1.0739369921997781,0.8650992577649599,55,1
1992.844479963664,1710.565100943209,0.6958721762850268,1.082785566382523,39,2
1945.033231555212,1930.4209204825358,1.0731646558356174,1.3845968447066712,53,1
1971.9646883478904,1865.878034172559,0.1416180607488179,1.818706349927679,52,1
1987.3242122103757,1839.956531162432,1.197079261333285,0.36391160142616374,35,1
1953.0749428534323,1769.8656085288112,1.4866987683774946,0.8176882583760271,13,2
2044.9222730507593,1877.86527159952,1.037469304239393,0.8364747014087041,40,2
2129.5354106632753,1831.008294671131,1.2009013858276485,1.041988027959263,8,1
2039.9928583148987,1852.166427585221,1.3062579982257612,0.8524428497654257,5,1
2026.1023348699007,1972.2308020782216,0.8202387182958234,0.9497088914050993,57,1
2061.3228190328714,1942.2386370957042,0.8617785420440911,0.9515331337810603,17,1
1954.3136855235152,1808.8104149970206,1.3805622519142147,0.6203096229736145,7,2
1991.1255054215706,1940.223267053391,1.3976613076688658,0.0,54,1
1982.5843739694017,1921.1169503378396,1.1479953915071786,1.4882210688662845,2,1
1978.600814882163,1814.3403074674409,1.287182147001286,0.8866887601575366,10,2
1989.494088480993,1924.0439677702618,0.9323491449596572,1.0284491949786962,53,2
2023.7193394887972,1918.0764183733756,0.48913742964717105,1.0706445719597575,10,1
2049.51104203875,1854.9925437139634,0.6768477082141804,0.3449477259967071,59,2
1913.387738579794,1926.8602414758145,0.7095113822243094,0.574663567219012,20,1
2010.6073188207115,1850.961659806739,1.0305034255411676,1.2697401107298298,35,1
1961.0471360575386,1936.641090992675,0.7728085741554687,1.152318383491942,47,2
2063.5481351679186,1818.3938483990464,1.38578272358853,0.848241102293473,40,1
1956.992068041635,1881.9593445248734,0.8523764773787476,0.7492699372285792,22,2
2041.654397587632,1828.2393484432957,0.7027822607540953,1.168586532270996,51,1
2000.4600488985946,1810.7192991908396,1.4894257158599182,0.6913977364737345,33,1
1926.7111806042267,1872.513050207131,1.6200590112366728,1.184985045893622,39,2
2071.7676133895884,1880.193285681754,0.4422833787292965,0.8072940047624395,58,2
2011.2188371356988,1816.1567591113026,0.6824348076765487,1.1695630763494889,10,2
2059.6305499959917,1903.1774351921024,1.5154541934418129,1.3268304336129948,48,1
2035.5691532371354,1956.0135124628325,0.34165622633148485,0.4221180920783012,51,1
2016.366904548098,1941.889492005726,0.49006837332045156,0.912580880495891,47,1
2108.0181925616703,1843.5104047393809,0.9980764124947393,1.3212725568560326,37,1
2001.970931834879,1842.770879971319,0.3437334821382795,0.17737574346450447,7,2
2132.3825761731136,1849.7966215419863,0.9595680169467973,0.6066196121284523,55,2
2009.4600082403786,1874.4781464381174,1.8948637700187012,0.7605628854861826,19,2
2060.588053808332,1834.316399876069,0.5892660376984555,0.9085118642817702,22,1
2075.0499650406246,1919.2203230228308,0.9419727097138714,1.4861918406380772,45,2
2000.0802105679898,1814.0017577705453,0.5794418431168529,0.8503578830262741,52,2
2060.324997076944,1921.2760908029863,0.5654120530110512,0.6718889033433668,6,2
2082.721684776268,1903.0689273437629,0.821218233250866,0.48688729660494545,14,2
2064.1746994658406,1920.881762318993,1.0496174158721383,0.9314656037021303,3,1
1995.2811567877031,1914.5556321762267,0.1667817822075427,0.9851015777136158,53,1
1992.4993822065935,1788.8336267714765,0.3611196229993092,0.0,21,2
1963.1741582144857,1693.5044257275802,0.8992141572201506,1.6915629541313573,1,1
2007.9585821472735,1807.1300260358917,0.888932152484103,1.2685140865532514,21,2
1972.8512364358314,1813.6126790790147,1.0491688021332344,0.8124891249777708,56,1
2018.3435741223984,1882.6351888252248,1.364806986205414,0.8044701214314564,6,1
2020.6016352825782,1822.4241581316987,0.0,1.299864019795223,7,2
2014.1282189696724,1853.377050289017,1.0477052132944202,1.6552430143721937,24,2
2056.790328457553,1873.6244936275198,0.8670566777440722,0.643630586758019,14,2
2061.3832339810915,1791.6614416610657,1.0250747094093187,0.31174742416107837,19,2
2037.0232258285123,1859.7832237013176,0.5873377199515528,0.8375968794753573,22,1
2072.545061454209,2029.3213959072693,0.7941478338625528,0.9771711414872913,22,2
2130.356918673412,1924.8011783128136,1.1261173321063287,0.7180748910799176,10,1
2043.4979902078835,1922.5937136925627,0.0,0.4647087592229176,39,2
1986.1319948225412,1872.230386545138,1.457712757643035,0.9351427931396337,10,1
1915.0133482464746,1865.538643438271,0.9603530811383191,1.380044700453882,4,2
2027.80351579974,1966.3188264804867,1.0366470750614833,0.7987121055623072,22,1
1996.7950670797431,1825.9857871857514,0.9437405630775206,1.1917033380366604,28,1
2018.6178287265002,1823.1129207410816,0.9426720518293512,1.298646588611851,52,2
1995.749855029224,1941.0200372852123,0.04601727050151394,0.4524830502852379,43,2
2027.3335205268884,1780.499469315413,1.2703377423534798,0.6153484582773037,36,1
1974.5008475315033,1799.5716443435178,0.46242847573380635,1.1461896540777972,46,2
1960.7142694340394,1874.896753854442,1.2951687977420887,1.1994551435943899,7,2
1943.3864063485892,1946.4854691057535,1.9071178149581989,0.9906178469595535,55,1
1973.9138710325324,1893.45334331267,1.718509768343313,0.4392179848138657,54,2
1978.7029858150345,1937.0596987344304,0.9064380627073076,1.0436772260620029,53,2
2079.106674146472,1954.6504165605286,0.4439075773070265,0.7974338935329063,27,2
1991.4988850620139,1884.5634735265426,0.7045933432055003,0.355569827787826,35,2
2038.5941921730846,1849.8339811182323,0.9760367026976888,1.4910605132031103,19,2
2035.5054521952493,1912.171527518097,0.4750189622278632,0.5396370658735941,22,2
1996.7518803903777,1927.978104694043,1.12396033242831,0.5396125246387657,56,1
2033.8516250003688,1839.9034754776885,1.2459800628189128,0.8355147558844199,51,1
2102.438784473472,1848.2008915345123,1.3871261401635946,1.580900378897801,22,2
2061.455157084987,1905.2872788738262,0.7230150670741198,1.2039045896706047,33,2
2040.2917323491108,1819.82430960846,1.3783122645765844,0.4154711386090199,28,1
1975.5133694771077,1898.3199840520379,1.2501960016682678,0.7432640294663495,47,2
1971.6534337697212,1826.6384717881592,1.1114518770662947,0.9891955658353627,12,2
2055.8409252311712,1831.710835675657,1.2468288321999375,1.062664385912239,27,1
1973.3543807117435,1876.8632577265307,0.24168760678012913,0.0,36,2
1974.0774762662688,1849.3355865446629,1.4225708938179134,0.7436203112052933,59,2
1994.903590702304,1862.2626475402144,1.0401362895830537,0.9940103587825683,23,1
2041.0821323892674,1825.5055325626954,1.240618409283232,1.1283889123277335,45,2
2066.103137677548,1835.798503752264,1.168477189785285,0.7395637676918794,14,2
2002.6511972890205,1850.6458515337092,0.8630099614102337,0.8135882663789996,9,2
2020.6990197056134,1849.3620931747207,1.2235772255612836,0.1972070216794648,35,2
2058.9402098672704,1814.0094295784704,0.6529905391784336,0.9755991452397299,28,2
2043.085648123675,1922.3025666303747,1.2637679352206992,1.0045728177814937,55,1
2083.601602402056,1874.714110835281,0.6912211317792654,0.16377557014626642,11,2
1984.9806013107318,1869.9428457491574,1.0462319074539652,1.4231073666681493,33,1
2030.7493422974396,1971.4441148006783,0.47079431731464616,0.8615174675217491,19,1
2014.7975742686156,1925.5627225303117,1.542013077131549,1.4898772740305648,20,2
2050.665448373596,1940.5342930020865,0.5918960463284585,1.081425574265539,4,2
2008.8406034908915,1721.9879279494191,1.0762998298070643,0.9732125729143478,34,1
2039.3303697253923,1866.5546908769588,0.665546669507751,0.22699555134363403,22,1
1984.5464707150977,1787.6736343192772,0.6701865163651282,0.8936667725016503,8,2
2012.4117385512563,1771.1249635059494,0.35533857659915546,0.0,35,1
2044.2716672292886,1792.524675590118,0.5594216117493395,0.6147901040788447,13,1
2079.620762244858,1875.1028252324572,0.7198929213004034,1.251971452606524,39,1
2037.628725520959,1949.0756603920709,0.1749323918988681,0.960726500904011,41,1
1982.7124174035853,1855.965552911167,0.5626016253051129,1.0284796891675438,51,1
2031.4387642175873,1927.9642904440013,0.8848844423496289,0.6496885118383358,46,1
2003.191557357311,1799.5950169020764,1.1370377835623522,1.0635880518436016,53,2
2063.744635223543,1797.0514780066524,1.3223645590846802,0.4782807364666939,28,1
1997.516947415828,1876.6604427271234,1.5419904862761264,1.3055061382966997,2,2
2075.488599762059,1903.6910165472293,0.6472619914833149,1.0279264792187597,47,2
2097.7399248915963,1837.9714613744707,1.1106742436834758,0.8357760688227274,29,1
1967.1500461278579,1953.3515643712738,0.8713534521445694,0.9183126837186778,18,2
2006.60723823366,1848.5027007077979,1.431939692499936,1.2459554661362715,29,2
2024.587550214274,1822.571424791924,0.24473782508538933,0.6253038819660224,1,2
2012.3638826123915,1821.1213636130842,0.8415419620905074,0.2551052281981241,24,1
2070.142860026337,1893.671457953549,0.6566788945412292,1.6929121036407948,35,1
2025.723143534683,1818.9188999035625,1.0128460530868757,1.373576558844844,44,1
2048.073418387312,1897.4023117976926,0.1968312919634284,0.6043046091887392,48,1
2017.7564668098294,1846.788022775067,1.45765516428746,2.2714354212374968,28,2
1966.3847665757032,1854.716457495817,0.7892505605991894,1.253830294730779,20,1
2033.0526641315653,1739.3891869414265,1.4092670102034455,0.6902638635527458,11,1
2077.1851180991384,1795.9616912451638,0.2714750480387903,1.471166963950044,52,2
2097.401845329018,1991.2528180216846,0.9209569704558284,1.0944205016042774,45,1
1999.8507054736717,1861.1053385618332,0.8753617199915086,0.7468251358219817,42,1
1941.302017149871,1813.1678696577603,0.8940958439158913,0.39020957754317886,42,1
2016.99829645415,1881.6466004537056,1.003914003822378,1.3086299330749536,9,2
2016.3048927997886,1894.916493499157,0.29421654838914824,0.4130955462107759,4,1
2020.7548257989256,1891.8545062939816,0.41293006459554804,0.9643881218062281,53,2
2010.7121990143469,1942.2367332131103,0.4931464134241873,0.5248263513672766,51,2
2023.19477523768,1787.5476412566788,0.473043338386088,1.2391005309927672,11,2
1922.7050094812107,1913.1282222044638,0.48948473390999586,1.0155078670730169,35,2
2037.8899985893956,1846.041727183543,1.1573741550644303,0.6215507156718849,35,2
2036.263088100001,1922.3225415829936,1.6785909786871303,1.4071649852400685,37,1
1986.976583959599,1895.3566280297925,1.0883839664640744,1.2455007826047404,54,2
2034.3569830747288,1896.1283857537696,1.335628239376224,0.953210570680665,21,2
2038.009945494489,1966.581582603189,0.9732523064598632,0.7358942747504731,41,2
2015.4391101904937,1796.6177757296005,0.9047190459072582,1.0822205978261654,32,1
1925.4294161018668,1862.9855299284834,2.1858217389164176,0.36119384567151536,24,2
2125.7874372047795,1797.5442541229413,0.8230439017475336,1.2074109474989947,17,2
2081.367812999414,1847.3165319146017,1.0725618232625076,1.5679365640382652,45,1
2029.823053371471,1867.2860938498793,0.36721852468771554,1.3347222482119472,8,2
2051.3478361140433,1689.371422830367,1.1671131043996663,0.9958786618709797,16,2
2133.657151996393,1895.6659501184113,1.3351346022260746,1.1260637970148324,41,1
1976.95250436623,1826.2614568908548,0.7000395713372386,1.2877681431399237,7,2
2015.4835831866415,1846.1290539996546,0.6693916242775924,0.99347596135788,13,1
2061.690476261384,1913.515340675357,1.37605404161806,1.2223619966156691,36,2
1990.708176751028,1886.7508756713341,1.5135258844165937,0.6029968096972635,14,2
1939.6566680387343,1768.7131235518132,0.8351093055407643,0.6681381047242976,3,2
2076.507671339997,1981.8347322150944,0.6293605945026552,1.0582465804077341,34,1
2054.6322834216203,1924.6342550160114,0.2798365331673621,0.5736383726522996,34,1
2065.3159593385394,1829.5407478804163,0.8492695560801796,1.2190247017436078,27,1
2024.6476484156808,1847.0138106722754,0.9774715779554937,1.4403586397620196,30,1
2024.6666315133166,1884.5825342361304,1.443378169568751,0.3328102039884716,22,2
2051.5728848226454,1816.2255271472086,0.8563809562119838,1.3906174715746413,36,1
1989.2243059363752,1879.2266112929026,0.4767014995193057,1.2549425301084902,28,1
1983.320669493214,1805.019527839613,1.1153182750544943,0.1434624116995843,4,1
2041.2907983589384,1836.8778733737452,0.8999748696207382,0.12983752594389886,14,2
1973.4552680121817,1924.5318144138175,0.5688551203290584,0.8157529409698163,49,2
1990.3604983889218,1868.6879915365746,1.2843977807410587,0.4545046701931093,23,2
1973.3165878263965,2015.646355008957,1.098076677649797,0.833315991059177,29,2
2030.9150408464488,1803.8751185770482,0.991398539478404,1.3774337852220855,18,2
2013.6902719087502,1925.0832810335833,0.8213057384998894,1.2434195150366831,12,1
1984.209652114287,1888.4865541609197,0.9407126782333368,0.665301574668096,27,1
2044.7456202507906,1922.5661629848014,0.7475324241060322,0.6416135360711683,43,2
2031.2453469396366,1871.902818178156,0.4962882892997449,1.3767916836968732,21,2
2133.7267284510367,1842.8645928844262,0.0,0.8966942950165516,41,1
1971.858397188874,1864.021374717944,1.408114237356139,1.1881897894727769,41,2
2083.4260910974263,1848.3360864893737,0.7545084333498082,1.1227931055334088,9,2
2041.2932570563296,1905.9503776079011,1.3605739869124989,1.1627512352373919,23,1
1943.982061699197,1917.3736392535186,1.0575525342302265,0.512195264528338,18,2
2028.5849344892906,1847.1335199833343,1.877143854638497,0.47236999565768345,21,2
1977.7458581725966,1782.0611636857925,0.226411538279904,0.9624871170698028,53,2
1967.5516330613823,1915.5936161779164,0.9791830256621492,0.9463074800422355,35,2
1893.5533170602346,1856.1659824022565,1.8557452452722631,1.2560104909630285,24,1
2052.521508516035,1890.0432472315917,0.8672294610801929,0.6945284663412352,1,2
2074.350619962183,1823.864922928536,0.9573366680262714,1.5924784119077566,58,1
2033.2524007741993,1934.3574365605552,0.8348512817523224,0.6049966517098647,41,2
2003.967964452949,1832.9564924442548,0.9499276677426988,1.5931178868093776,52,2
2069.4553978060544,1984.1743875219288,1.6478858485372836,1.256763905057277,13,2
2055.180994863867,1908.8242941652654,0.018789466426800794,0.4970967131086135,4,1
2036.5647458239346,1902.1093733695207,0.9688527765304376,1.190356725445373,13,2
2012.8772797783965,1968.5508567208333,0.918187503412017,1.0117390994219395,15,2
2095.1860386018243,1887.4978600178688,1.1696925755844902,0.5279939159288028,7,2
2038.610730040537,1807.4414077276251,1.0641615356003271,1.533130687231432,11,1
2022.7391105552354,1890.670478180846,1.3501626698636526,1.1382368051332117,47,2
2009.969007044651,1896.0474080497445,1.297035130502928,0.8765055985736475,41,1
2077.395814210923,1935.3345504150836,0.908108748213189,1.2508988927539308,41,1
1967.2159941926097,1858.3018305573678,0.9248418706835085,1.1677965289257597,15,2
2044.450930976227,1858.785008676147,0.9522164422135387,1.0915977543512274,22,1
2035.7567531914688,1962.900916079161,0.8432895707294318,0.3304963169364885,3,1
2011.6325418223569,1793.0050319912336,1.0855618051187033,1.0736524766294397,28,2
1983.5855896883202,1886.5542219313777,0.8984615854834795,1.9147448658602801,56,1
1941.7637824058127,1895.793475075638,1.7035293723284464,0.30884026397457065,55,2
1980.5484211372568,1947.6505027589935,0.5820418517180725,1.6082024585943953,16,1
2017.4255090748825,1792.3266816766968,0.5330965590950293,1.2764058750072007,1,1
2095.9634137758844,1854.3736036394957,1.0299576440230154,1.3751078436110449,37,2
1959.1496133015141,1904.4289297988923,1.2558745604307764,0.7106281632206116,8,2
1991.2936828826762,1913.9083582788676,0.6915461222578213,0.2675344995975447,44,2
1981.8614647653128,1888.3206169087612,0.61286704877268,0.21923976776283527,27,1
2021.3099977104832,1905.0668317555208,0.0,1.792162072575064,3,2
2092.650150225682,1831.3293036785187,0.17831633906663846,1.3543135372180828,18,2
1929.6535481882916,1965.4387394489688,0.5948428196676647,1.239024860717001,1,2
2032.3651934100742,1856.2639039604528,0.3062229282438179,1.7846733295696047,51,2
1930.447955666177,1821.5484816942926,0.8387440918538902,0.9864435678576775,7,2
2012.2139804611484,1923.6684401234172,0.8600007448120066,1.5764193242390803,15,2
1950.7345731226264,1880.7161834784233,0.5728747622612125,0.45576357204436935,48,2
2003.358423034087,1894.6837339665246,0.914367492715113,1.222951809113061,3,1
1989.0221004371094,1941.3668049275698,0.9347662572021544,1.4878796536569574,49,2
1932.7406207996742,1887.147210772418,0.7123615062449928,0.8740485011621741,53,1
2056.1818400190136,1712.5473180824026,0.6232467456726387,0.45877077950863215,20,1
2055.6386641478252,1798.061495200375,1.171194500356411,1.1140027601485925,23,2
2064.356233612864,1882.0921047654851,0.6862968313435764,1.2337902344503144,51,1
1998.6568299208338,1798.87037244898,1.4822148950148726,0.1514347750320122,49,1
1957.1706912087393,1758.5875214904931,0.962236835673621,0.13859396103249744,17,1
2054.192504626807,1776.5681283599044,1.3223634661473842,0.4698552633543439,21,1
2094.50549750309,1886.671727130954,0.5778075606897652,1.1476135393826117,17,1
2075.7671029870426,1928.150636457707,1.2299005546103885,0.8772729584597186,23,1
2011.4238104112947,1863.637081827573,1.161591687854743,0.41879078307590023,53,1
2043.6450615310114,1915.0104812130683,1.0894469635315394,1.648451163106264,55,1
1927.6478472437582,1897.674101527571,1.4162301909006754,0.0,32,1
1986.0452903595883,1955.3831702146574,0.8863667153744882,1.1105646698122897,4,1
2024.366021265289,2045.1052407840248,1.0301126631542035,1.7225332586541402,40,2
2022.0231579314088,1827.695517538611,1.1839407407193936,1.095649068475721,13,1
2031.0282010243081,1881.7038723855349,1.3232184409994396,1.5686700012652115,2,1
2040.4987007569564,1916.8863757259796,0.655438456052452,1.2504938019381027,56,2
2023.0227020344475,1873.934549520378,0.6501883578152398,0.6911296136487199,33,2
1932.858238355084,1892.5466038964942,0.506486368792628,0.31347240394300135,17,2
2016.0576266524172,1910.4008633756835,1.0137404500075453,1.3281215546433844,56,1
1986.4872725216744,1924.2951051342143,1.620830829177248,0.6200724185190662,5,1
2029.9071893732194,1865.2968867644954,1.1847628804513444,1.2871226341775721,23,1
2003.6815677105458,1787.3081070443563,0.7479216568396758,1.024783703403053,29,2
2042.8936547123956,1857.557329731442,1.0687263267919789,0.8913299747345774,2,1
2097.349898732639,1830.5444440405577,0.6580391372441653,1.6603707920555442,27,1
1981.8128637796717,1869.9920714539717,1.0631128112301007,1.992171375561115,35,2
1975.5770093437345,1806.8482527603892,0.9912487931243861,0.9405808526329865,43,2
1962.3744495383578,1888.6787518338285,1.602158032448558,0.633103502431171,19,2
2096.5991286005933,1943.452247933957,1.3764452677185377,1.357031001579844,48,1
2060.567738639638,2020.8655206307667,1.7548904372907221,0.47889510266654506,59,1
2049.243813761976,1888.4174124616302,1.0631528010038325,0.32502579141481247,34,1
1996.4989473336586,1859.1640048505476,0.368075709421132,1.5894865430896843,7,1
2005.3140901705594,1769.25931555993,0.8669703545040722,1.1293909984717951,45,2
2092.8931006566318,1910.0774844911014,1.1633485688062004,0.4171075621877107,10,1
2020.4923924562881,1857.1775083538948,0.9983207054400491,0.7470386243844889,25,1
1941.3967455140478,1841.1219723138122,1.5675654686825418,0.6928312812202417,26,2
2119.937073086104,1900.5016690455122,0.5345783664352226,1.1966330506738643,39,2
2036.3812064506747,1853.5342601141433,0.6027638590901325,0.6054713959285296,5,2
1973.0142319889342,1753.856798295676,1.090449310286487,0.31484895795510304,16,1
2042.063839118766,1895.2085738058088,0.36103553235033914,1.0011876779069777,10,2
1937.8245763015373,1873.3691306732799,0.7557051005593513,1.5581813264882842,6,1
1991.850239103226,1932.9272351831987,0.7452051120342422,1.5109141087364952,58,2
2063.2054925248044,1806.0373495936242,0.27677635109952337,0.01233089831731804,43,2
1994.192143204571,1919.903331810108,0.7582447852825103,0.889973652891883,4,1
1938.4395132483116,1966.4076631261755,0.724517332310673,0.8965185579328847,28,2
2034.273017135264,1844.9363022209025,1.5956958873906446,0.46095190685125154,1,2
2096.056351782913,1872.9287332899216,1.2270860246815558,1.150990519989119,19,2
2005.104580840834,1830.6126381065299,0.4846209935893432,0.5459939562792808,56,1
1940.5236209584953,1889.1964725668424,0.8035792646980816,0.9785853898461534,24,2
1988.2664673951115,1928.75747037579,0.4609490185444234,0.3087526724979692,42,1
1976.6376440886163,1821.2062498596713,1.160055521361397,0.783555961930293,6,2
2030.4305709454256,2048.860712824607,1.0540528128659274,0.7717334083979726,42,2
2005.4581994575901,1916.4657207908936,0.0,0.4446662938025072,22,2
2003.3085504834753,1756.3604158244286,1.5351357308682312,0.6282620661765315,52,2
2000.8016593197458,1849.852878536234,1.292520153983126,1.3150384097786045,18,2
2040.3839090240574,1756.2189188706454,0.5225986075946909,0.12382720813942161,32,2
2007.6190176364207,1893.5362777190178,0.6043747380594018,0.7830391841593891,36,1
2008.9279080972992,1847.2782839917752,0.5578688516337369,0.6852090015633562,47,1
1952.7891249622883,1833.492043746963,1.3103822518083241,1.831003262835637,47,2
2048.488892630085,1889.9933226030496,0.5780103672997442,1.66845217909624,42,2
2021.6922747093772,1789.060103605651,1.3079694119327083,0.8036170997628681,34,1
2019.559930284398,1984.9289751683748,0.8700695494086624,1.2294650179021867,24,2
1971.8792302604886,1907.257265337302,1.2465128377294128,0.8065323286487805,7,2
2048.5357828772103,1948.7055864409242,1.0741949809843203,1.2909710013559572,3,2
2123.1014462134935,1925.902576008022,0.48021022542865066,1.279662463890873,25,1
2067.440851061514,1932.8732606205344,0.8218652668054789,1.6268310978024405,22,2
2019.0139673491228,1941.9848455333968,1.3398159396538665,0.6340763162141703,14,2
2088.2578485197278,1870.4166504962911,0.7473193797246332,0.0,11,1
2012.4407668377344,1825.3978043257757,0.8019247403750204,1.324846999425803,57,2
2054.852801396884,1895.8841053486403,1.0513862368716544,0.9250522038466058,18,1
2081.673947821343,1837.9129181846238,0.17439133923158534,1.1832927476710662,19,2
2029.220614527891,1850.5701044637392,1.5160673459480052,1.267714177267471,4,2
2109.7544465396095,1850.595642865214,1.4154435704645696,1.3368908554488195,27,2
2077.175880333316,1843.2090151964694,0.7573022834181091,1.3739231598063155,31,2
2051.6097194780955,1908.300989648897,0.6222038708788297,0.9461600403783802,8,2
2093.441789291968,1733.7210025800505,0.061131218400503395,1.0443446066894904,32,1
1964.4569284304146,1871.2306148368164,1.3311049157063068,1.5830481659564928,29,1
2100.571875352655,1800.9524891960275,0.45953128537799937,0.20007314891976113,58,1
2031.5346132815605,1886.6410595222019,1.5763832908339412,1.3825505301355847,36,1
2028.5338067839145,1938.2618478684724,0.5990948646944773,1.3778188356386267,13,2
1981.4171303828298,1959.0835464308468,0.4179082426510253,1.0657291119570638,45,2
2003.1445950704986,1782.4839341698291,0.9161223869082444,1.3079042336399114,15,1
2125.5389997795623,1953.979500965785,0.8450176905402297,0.43294935810121143,23,2
2077.0868843318576,1903.9598219669488,1.2732293591534076,0.4255390792043799,47,2
2087.6630335332743,1911.869721826814,0.9727062234633357,0.2347284241361306,32,2
2051.5314109126693,1810.221887743732,1.0915768665028562,0.3070922273510317,22,1
2013.8446484582314,1947.1261604074139,1.1998078896062603,1.2700055677688096,33,1
1998.666187293325,1863.7274845328752,0.7796061712064241,1.1267700753068934,5,2
2070.674676753505,1889.3456222382954,0.7706476804072695,1.536449912390294,46,1
2005.1976106826455,1912.1551560601567,1.0413427474009742,1.0494247771176053,11,2
2051.2692342562277,1922.0521925289809,1.146166709514753,1.3694567953928807,3,1
2016.8031590668659,1837.191765231028,1.386200446302599,0.6464722316267679,11,2
1970.0832710101745,1935.2988706939325,0.9237696546116729,0.4209324582939827,58,2
2122.2835222850385,1929.860045797157,1.0077289694915577,1.3708840170713763,25,2
2031.348469962679,1831.1920585651142,1.2566229838633338,1.4258822200915509,43,2
2104.247313459612,1981.4393235424889,0.7867528434709902,1.3326051974999058,34,2
2040.0524646495712,1740.3533918691348,1.1551991425977661,1.300387083998145,25,2
2054.3946245035604,1868.1089018310365,0.7384575633512692,1.3769060289924309,54,2
2049.58458373779,1858.0258259646648,0.9105408231951302,0.3469431281101908,41,2
2030.558946146494,1871.0356604040496,0.9473013568915261,0.5798911546322546,1,2
2083.2137256577366,1969.979199574983,1.130649297188347,0.5220018701055941,22,2
1955.6288113060523,2003.4228748149567,0.839773294995936,0.35080573454393105,40,2
1972.6569411851247,2053.513115901311,0.47755235913517263,0.7721686529388274,37,1
2043.9009686200707,1930.9035005852377,0.9772130417608261,0.777531652430781,44,1
1998.379721544092,1858.6041788316206,0.8810125542815102,0.7108181710136064,30,1
2032.002321904917,1912.5567771781182,1.2275516155484008,0.43465752059079216,43,2
2043.1095319969363,1847.0611205787113,0.8447441017317903,1.0034384972854538,53,1
2034.0616488437013,1879.4863058787444,0.8104099703138901,0.7697754212022259,37,1
2034.3282619018992,1917.5225367651558,0.8968238746361445,1.1105407422542404,31,1
1999.4622321183615,1887.7369708320673,0.5885122857222859,0.05632739367984385,12,1
2038.823350446297,1886.4676399054454,0.6488165934001165,0.8316369560929906,44,2
2016.8686297340323,1790.5691194328117,0.8662518863095827,0.5699813185009248,20,2
2018.5817900069935,1896.841118763888,1.252810693059949,0.6234535349599142,46,2
1958.831932755218,1903.2747717874768,0.35532945822458917,0.33674662283032075,13,1
2002.699775050708,1887.9002917826408,1.2554238704724665,0.7423134738347804,56,1
2020.0980414812614,1816.2836628590908,1.1346661027905505,0.12243287705705697,32,2
2017.865161569402,1793.8996354479846,0.6334227960229261,1.354528858735065,24,1
1950.3510538859298,1915.1576414899923,0.578114670444386,0.8991261391974112,55,2
2019.632207507669,1879.2350734476263,0.5194340605878689,1.3435548761426577,34,1
2108.6125675926664,1848.2662721888469,1.6283623610438471,1.2690409270941556,40,2
1967.7162249966013,1903.4961211143639,1.5045906439149106,1.0678067117639214,40,1
1962.451991384399,1837.4590192187902,1.577457023432391,0.8770378218457766,12,1
2084.014585776736,1863.993423431794,1.28296811660677,0.7483704040176892,18,2
2040.344059386608,1824.7553717983767,1.0800812935528912,0.0,40,1
2034.7675174670658,1791.6117965450976,0.772331088892924,2.0939413389862565,31,1
2041.364379740529,1862.8143806228047,0.9473581307185833,0.9852045504311076,59,2
2032.5087781881316,1801.1853133236075,0.6791642039184311,0.5407672679070822,28,1
1892.975894246779,1852.3228089344634,0.9936735835576858,1.2754608609319835,38,2
2025.0446840623638,1894.7569125954399,0.7727927658002728,0.47074204437321765,35,1
2083.5818970323216,1814.5507825996933,0.18388777718582183,1.2784264329031965,52,1
1966.555392508179,1909.0908103002057,1.070174064619093,0.7742564642277522,39,2
2096.366909989917,1899.7810940358693,1.438935424674771,1.6426954870542225,49,2
2089.3709571185764,1909.547716571159,0.8544137630015338,0.38790663736084774,15,2
1989.855522716096,1811.4603397637784,0.9657001602831753,1.1634432563944188,59,2
2036.2796364163187,1856.3903728833468,0.032613356536610905,0.0,25,2
2064.89649542704,1959.9007859414617,0.9413507859530037,1.6207996507687665,30,1
2080.2531155890274,1845.5912855172435,0.675048334414595,0.42048842479830634,40,1
2056.736250228388,1799.3777545879514,1.5114705051088801,0.8316622129250504,53,2
1917.4643530250707,1972.386596752174,0.7973205723950606,1.036712046841727,35,2
1982.800496207055,1909.8166978801778,0.7420886660353022,0.007301803155245312,45,1
2034.128933585695,1813.5497438108184,0.5906788410771879,0.6690997641864161,1,1
1958.984993505089,1895.8234123004065,0.9488576021726178,0.6262029623123635,31,2
1985.1221862142263,1913.7355922286997,1.17871903360576,1.7252364954837174,23,2
2011.7379870171987,1906.1550374697824,1.3497870387049966,0.5490838666368505,51,1
2098.362747051609,1876.1175666294344,0.6345306177622456,0.37873026227280226,49,1
1960.0231823004585,1806.8954235906835,0.9570206666222271,0.7330865853254709,59,1
2100.5759028781094,1927.53894759399,1.2507086002587835,0.7091070690234731,55,1
2029.7189473589501,2021.4549806976893,1.1754415716121913,0.8018224612723541,36,2
2071.2329329096046,1930.7499110557524,0.4833787610846109,0.3457976113288953,40,1
2064.180268356562,1840.1843695620446,1.0388740377343955,0.9222610858413136,24,1
2053.6939897600414,1856.1978115694662,1.0370303550628517,0.4038680970912908,24,1
1989.4506535600988,1746.7283193273274,1.01360474621437,1.2298129674488743,40,2
2064.9299304000638,1877.865809014811,1.131905705235732,1.2182650064257354,16,1
2011.8860720561524,1957.464232307719,0.7551748189733445,1.1637244390749728,47,2
2068.2795782130192,1853.4039792420508,1.355163097695714,0.42212456102646934,1,2
2105.178129367446,1841.3153153852488,0.9669755546782488,1.1818484623320857,20,2
2033.1357064217325,1971.65684124554,0.8854355067752352,0.09387144601257003,58,2
2042.4232547467993,1828.6828750467575,1.3615963099013304,1.7135765066835067,58,2
2067.238136108736,1874.1707300038033,1.4053730176406303,0.5367746539376106,4,2
1976.0506273743806,1879.1887088966876,0.936191434205543,1.384922965954147,3,1
2091.297262686298,1743.441484221815,1.229154437466282,0.5944570827070805,58,1
1965.1598137663038,2014.063384985091,1.5044264696594007,1.1755341792930851,51,1
2042.837097430429,1993.988131511711,0.226222358042923,1.1667698146056185,54,1
2090.0764903854433,1846.1400554606432,0.6847775853555194,0.7248402136609332,31,2
2028.145022550405,1849.4558777321943,0.3139478035909997,0.8068434714857962,47,1
1967.8451365795179,1881.1796913849857,1.1626464599073332,1.0448895762973485,15,1
2016.9881905630416,1948.1866632842264,0.4054318811149741,0.29387088036517084,47,1
2025.7053313193371,1829.4628206537684,1.0208531690216012,0.7817965621812303,48,1
2083.360861604465,1863.8318365139164,0.6922168156044122,0.33610750466550954,15,1
2001.0986696441998,1937.7583112115153,0.17706125371939518,0.7386623381442929,35,1
2014.5696193485237,1821.71797071705,1.1610356964853776,0.9756966296532996,26,1
1964.303901617583,1848.8014113159672,0.9729463210493314,0.9335085724840534,17,2
1985.6492571598083,1821.5098611814963,1.5176978717266894,0.9407387207967337,47,2
1992.3434365218034,1881.3574618603081,1.1901270379295543,0.0059758961473321826,32,2
1989.828677513833,1755.0533284109656,1.5356510086270578,0.7526782936027687,6,2
2079.5373155861785,1945.808573743456,0.8451129646694957,0.6103914047153995,4,1
1998.8167896977827,1871.0722174478935,0.9488350777619766,0.2408679588857846,2,1
1945.9464845409618,1887.2649881545806,1.5979337640857187,0.9181151191754963,9,2
2066.3724798662397,1837.6212100148887,0.8902890740499,0.6281465265898638,39,2
2090.1904846991933,1954.4754399906699,1.4840660904087817,0.6623397205003838,18,2
1963.3581053070347,1739.3939450425178,1.028506031617876,1.2419968012895366,30,1
2081.6965829236938,1876.2701654374482,0.1389086761938363,0.41732077038721194,23,1
1879.4957353974114,1868.998242784179,1.0298008296104766,0.19881616470425978,9,2
2055.317160224752,1760.7028481705258,0.8215425723385171,0.8722468325431805,3,1
2048.5766482284234,1918.1391494313787,0.49231040156039796,1.4361883514540388,17,2
1978.4758519705117,1945.3758725205703,1.3183560683110698,1.1673430376282425,22,1
2006.1516810903966,1808.9732862062529,0.5831503993588469,1.8724192170259812,42,1
2025.341725962056,1847.3480277713022,1.4126864818533167,1.3896932708660827,49,1
1973.4961231132404,1829.903289085847,0.8689524026188675,0.0,23,2
1963.580807804382,1850.5779069308783,0.7920629791207962,0.37662067148030687,25,1
2054.3752797928305,1920.3524066635152,0.48893187430436863,1.4756480508117988,41,1
1992.7099921139338,1854.1066198431756,1.1594050511485388,0.6847833860384143,22,1
2046.2303832706,1846.0345509620163,0.8553562973400123,1.23618703991058,54,1
2002.26510464502,1783.489901738871,0.6389811970137371,1.3709043358374626,47,2
2026.5114088704759,1837.1882969952908,1.0449986132123856,0.877203447920947,2,2
2024.5587182006757,1824.3376858344634,1.523193651426844,1.091262754775059,47,2
1951.6240335945436,1871.4218625888327,0.838004091259033,0.5418693452779535,43,1
1992.1291450632098,1907.4941305694288,1.1591793459263766,0.6680016321640649,5,2
2028.7592710230135,1837.1838854032949,0.5150205276932678,0.4809418892778601,14,2
1876.320589033918,1845.0157952316106,0.5028908222291628,0.19060736538172307,46,2
1948.7896160502246,1884.1979599129024,0.6477501878311116,0.48774017005784653,55,2
2013.0726032544362,1857.4617983672726,0.5939058227225699,0.31659772055371005,22,2
2017.7580703828369,1862.3481968083172,1.0329962419368879,1.4439145430263531,19,2
1974.382696965161,1904.6552689622215,0.39368428738093875,1.2522283100049727,22,1
1958.462793248617,1801.419847352818,1.2480738965457001,1.0601640688992324,15,1
2047.4958642198956,1926.7834570835355,0.7628063965499308,1.4314176042444768,20,2
2045.061336261798,1994.018690811848,1.0063915561498586,0.0,4,2
2066.3176935054385,1978.7519589041094,0.749402855689237,1.2241340723748515,53,2
2003.3286167046463,1958.620110168683,1.7388180321741975,0.4895422640514453,24,1
2078.9003141025046,1880.4776068179738,1.2737936678342314,1.1493873029103683,55,1
2032.5431666162015,1816.558352260666,0.2556385760253984,0.9805055956002523,17,1
1974.0541809630602,1826.6839616001826,0.607117497453837,1.2761145890314112,24,1
1985.6585456240525,1868.913413010759,0.706010208880661,0.7902880206656355,11,2
1999.0147066009645,1922.0348932219265,1.2634363634152708,1.6546029906840438,2,1
2055.8536210708457,1864.3911933650966,1.3649134666584517,0.35045659475919466,54,1
2035.8575511830752,1807.824017318688,0.5780344212788571,1.46108193723583,26,2
1941.953575335927,1970.4980324847165,1.3785265032365122,1.1208871974986752,48,2
2025.4638694979908,1851.211528682751,1.4757695050237214,0.0,24,2
2136.3688641646577,1860.0346801259288,0.7452193811904286,1.4646431520094865,15,1
2030.9055237390542,1924.6552092756465,0.9148997341876421,2.1749657475490447,10,2
2082.4856019674703,1877.8947789347783,1.01331907682591,0.7657698215894436,58,2
1968.288257469951,1850.7945228744966,0.5189115674856657,1.3671612517738918,14,1
1942.0628236102837,1920.7883996457917,1.05651722381265,1.395962903552264,38,2
1977.6165831669355,1824.5469403386244,1.3751999711095138,1.5434239139163366,14,2
1993.451139299074,1863.4420473749726,1.1579174468161963,1.0378690263706831,23,2
1923.1699772290563,1910.7505995267545,0.6120057360068621,1.0366258091682368,52,2
1954.2623212990868,1923.7238533554541,1.1594553652791488,0.7656517934427884,53,2
1975.856294971814,1949.9851966004003,1.3687178940050688,0.9692247552862767,59,1
2088.279455538039,1881.5015808172307,1.5210187154346273,0.4306010819328448,5,1
1952.2245914485447,1831.6520580553715,0.7991084055563068,0.636988923195911,23,2
2018.3942745470636,1887.6452425388804,0.874573379801571,1.3409974655843693,58,2
1922.302991156988,1852.1357487820403,1.3596678754264289,0.8945739301996719,8,2
1982.0550803897947,1843.5430028681974,0.5505644022306677,1.0540412799462242,27,2
2031.1481928217315,1807.5272460043898,1.216079647703142,0.634551000115162,51,2
2109.729406243369,1867.735970528219,0.446705342835046,1.1082179955590474,57,1
1998.6925529419123,1762.3095605342467,1.3197383978302464,1.0642483585872717,19,2
2035.6755130523293,1776.5595359789531,0.20181751479219545,0.9962195352194384,23,1
2077.7628928115237,2008.5041371357138,0.9868835319373717,0.511305884226424,31,2
2040.6799184576698,1856.8588724676388,0.2215064755977102,0.9887849713077644,6,2
1979.7845284052516,1802.2718576026393,1.2378408579794988,1.0153237593082085,40,2
1966.4881064375302,1875.9833418657413,1.3061952485177555,1.2403283795359834,12,1
2056.973945690757,1853.0323358734033,0.5076632705949703,1.4524302525691453,54,2
2053.0116828514065,1879.0686025406617,0.44344198098655935,1.3895243601407403,28,1
2032.5712546066284,1808.373602404411,0.8754865680829909,1.0591693470003676,54,2
1981.3590916595479,1863.9103611636597,0.5266317574673303,0.9092363210825074,46,2
1964.0033798397128,1765.3894429419504,0.20679414083578707,0.31224765112748043,47,1
1981.127443292966,2002.3345046360241,0.5293295128189486,0.0,25,1
2030.2963391461547,1898.747354674998,1.8682764390123423,0.6708534890466651,50,2
1937.5370652938657,1805.6305988195597,0.8003143457882136,0.48463883244460565,34,2
2027.0960638036179,1842.4061416699712,0.5212691064876032,1.2140393225971735,7,2
2071.4635988329464,1883.224802874259,0.18634908582593024,1.3155891615111772,19,1
2035.2957912910456,1754.9283737864316,1.2552400400985417,1.6568558987054716,57,1
1942.8201758904502,1819.0503170669824,0.8810026374710038,0.8766314684923089,59,2
2090.3710671066565,1774.1576693810887,0.12940175742695736,1.0248881830375052,48,1
2081.7938873826506,1886.995250405769,0.8920223863273435,0.5434095886870309,44,2
2010.1233775062335,1909.3021260647824,0.5316288204556446,0.6404301949550852,1,2
1972.513893270908,1769.5474779293008,1.4074125798662038,1.1016728731725498,19,2
2153.34689700158,1900.0141895762902,0.9832107255005101,1.1184444077298306,33,1
2041.604759181112,1838.0744865313884,0.3039044491125277,1.4184485473538833,54,1
1987.9232990604723,1843.301723330055,1.6906888944642557,0.5430609645612132,53,1
2012.7989780895753,1785.5195436923732,1.0527860831914118,1.00986843272103,44,1
2037.9620426073964,1941.0614342661297,1.3574540126451224,0.6633354972814749,22,2
1899.9611807078704,1776.134365111375,0.8664806015459954,0.9634733152488338,32,1
2050.3572210502207,1790.3258653966743,0.40498341395429327,1.0390875276245575,32,2
2046.6244897526662,1901.93823722045,1.2201539432930495,0.6858571852552473,59,1
1992.0445217393535,1882.010324405519,0.4332002735443212,0.8173163936637715,19,1
1978.7186230565646,1917.1102477582135,0.2573621713094526,1.5362980405477775,38,1
1875.1975654998867,1992.3019694864342,1.3367977044529356,0.7440513803080768,20,2
2010.0957506999894,1867.026267553166,0.9289258699165676,0.7205431172144674,16,1
2072.342791087055,1878.4921695616072,1.12440874942161,0.9403609674961791,57,1
1889.2150228366472,1949.7461761430047,1.267412006554065,0.14557771683378284,8,2
1998.942614062828,1854.4900345022745,0.8741713734564271,0.8743325824413316,26,2
2060.919528942308,1935.4757236011437,1.3434076230774359,1.3164712369292557,25,2
2004.9810564580557,1806.3437496852212,0.6005759712760228,0.9550150380650962,57,2
2013.723213233561,1842.367757481957,0.7255007462027014,1.5495349501098976,32,2
2027.189481955385,1898.538536288553,0.5509575069131285,1.4102240041047018,30,2
1957.3858790876661,1865.491380566371,0.9641476289098666,0.6772674432035961,18,1
2047.2449787680932,1985.1543450969873,1.229676400798151,0.8887929682671293,47,2
2122.194081729579,1807.6528293293914,1.2981563445440196,1.0973174758793718,39,1
2046.805744588663,1846.6251971493916,0.7155474934844203,1.1726790293882463,41,2
2089.9619302778233,1912.945382719124,0.8432420215198344,0.9274462943902619,19,1
2082.7110649406522,1814.5640572731481,1.581119791335014,0.1392922991657367,19,1
1983.6609634385634,1870.0910902714095,1.0299993147966884,1.2558761984476734,40,1
1911.1678605354912,1934.7352836297778,0.971645307219837,0.9127392078292077,16,2
2085.7696126547153,1906.1627593721264,1.1093578239244613,1.6290866489155578,26,2
1992.5808983303973,1796.5396154925224,0.8324084102380047,1.8219466951301264,23,2
2054.276093572777,1875.7834948594375,0.4217559289154764,0.5880960428571971,21,2
2150.165351773767,1785.3568254427441,0.36240183614456,1.0593659806580806,51,1
1994.8338444958486,1911.19904901692,0.6766828814706217,0.8944974269230688,27,2
2065.6408520568702,1802.3941846629248,1.449586608407659,1.0480912737458015,26,2
1966.7654353281994,1870.1303785699963,0.18090553416397048,0.643042677110619,54,2
2112.1457459259304,1778.3179384136786,0.1858159132650573,0.9627246037479318,50,1
2063.4811468410767,1857.2503784908185,0.7866411696702335,0.8225876707870073,11,2
2053.6971467537387,1875.2217442338085,0.8656538034138298,0.3370455837203915,24,2
1977.1975625380226,1847.827033067761,1.2041750557878506,0.33611652220261046,25,2
2068.4804504789977,1878.966825017711,1.401210855582414,1.0827267414863349,19,2
1944.9459934297352,1918.6399033971602,0.5856791921409819,0.393601401483769,33,2
1980.0722541252776,1829.0325145906047,0.5903727537000806,0.43979039503244177,45,2
1943.8714986841046,1980.7616205363406,0.6257620853781225,0.9982065493667409,39,2
2067.46926779729,1913.2165338310492,1.1490155585971342,1.6416611247255979,24,1
2083.6492003220783,1843.71706619516,1.3288046988080544,1.1764173123085364,4,1
1978.4338932740457,1794.344042980527,1.6043844779604943,1.1266204958789416,5,2
2116.834634386358,1913.5022732782575,1.0980344578879055,0.9977368161491396,42,1
1979.9881927545775,1908.671597079156,1.046284776591711,0.5036161203534941,46,2
1931.0083356998477,1803.532624174562,1.6987173793365593,0.9700522414315886,23,1
2082.309219456521,1896.9113219182984,0.8305477144798525,0.5837848834813709,26,2
2056.3127877908905,1912.3230110911995,0.5235649070022119,0.7846876018134005,2,2
2017.9222017495301,1897.2116572483296,1.4545519147652737,1.2676899578472096,3,2
1987.3086734542997,1759.802946769668,1.4157823625860573,1.2469704356806899,19,2
2062.7427214626705,1870.5223967121738,1.0922024352861353,1.1066996512661875,15,1
2042.747304176828,1883.9419827085878,0.7770640665261448,1.0731969518336093,38,2
2012.1621028130637,1871.1973824078314,0.970557726321872,0.9586516076786111,54,1
2007.0695727243487,1840.2102961272872,1.2981734738524318,0.651148131992286,42,1
2060.676300293691,1872.8545451074408,1.0325243719954351,1.0895334882117158,36,2
2043.9086903915797,1817.6653432433368,0.968550485050306,1.0705858705601057,25,1
2029.3211296862944,1843.2948511624036,0.6149199031430873,0.5621230763181391,34,2
2020.9522766717926,1859.8608937988135,1.0078567145092836,0.6594214320961833,39,1
2058.2390126287496,1903.573938382589,0.8542785575193059,1.0593611072034652,59,2
1983.661347244239,1878.5486196252657,1.4060235084683734,1.5656186759356499,3,1
2011.4836435979203,1977.350316780162,0.7725215057075896,1.3730474278457006,41,1
2048.627205897508,1927.1094428913664,0.43050681452531186,1.6572796869090374,37,2
2145.9294958339447,1883.8180355326642,1.4099531692956138,0.843093934792442,32,1
1983.405996902833,1722.3067351514676,1.0865045207786788,1.0067155492908568,31,1
2039.740776188599,1904.6542196486437,0.8233906334901339,0.5006890965189388,14,2
1995.9658473643071,1855.1157579866897,1.2665714835162505,0.7437825469352567,55,2
1975.8539540463291,1816.9818106363591,0.8549729769091081,1.0456571866714357,24,2
2024.6768488984146,1888.8420722221415,0.9840277719953183,0.17168410682306856,29,2
1885.5561129538428,1924.936077192844,0.9159689920820401,1.3721023489761341,25,1
2012.5975465376243,1861.3038885131004,1.3002679534887958,1.6610991209738546,29,2
1900.3098371160868,1814.9512408856115,1.0791299029259458,1.2972841995151472,43,2
1938.90155592971,1850.4344423837524,0.9430549402789558,1.6381953312010933,34,2
1979.6889863372476,1934.3531692722793,0.7244028477151847,1.210217695157105,16,2
2077.354711884184,1749.7541635396017,1.3534421959303333,0.8806593203321267,2,1
2045.6109374106538,1908.9825915664123,0.9685724336156052,0.7828190396675682,1,1
2059.7563564703837,1807.4716853468785,0.4925755053458587,0.5597503036110348,27,1
2093.1128853906785,1778.324317322779,0.68031635205944,1.0551360894111672,36,2
2059.8034775219276,1818.3244303284596,1.2188573494772426,0.28150303053654135,56,1
1992.9734996016323,1934.0780511933208,1.6565379352044984,0.6430217205479554,42,1
2037.2433781630527,1893.8628054755552,0.8727966248457953,0.9253362022379072,34,2
2035.537923098234,1866.4034085961882,1.0362562658206582,0.9051084262586665,40,1
2067.1525769779414,1824.6703250672028,0.8158306764212,1.313978633495175,50,1
2036.0905574358032,1833.6183505172926,0.35290796906291644,0.6819425475220958,51,2
1954.711913223176,1877.4460976010787,0.6444133078215515,0.8610547454486649,35,1
1976.73163877363,1746.2427594125556,1.0134598361739156,1.6559965549314395,1,2
1968.853600034713,1803.5391075929208,0.5491315055496955,0.6928117376423536,46,1
2033.3246326257395,1894.735422205896,0.5333903596924989,0.382234656823065,34,1
2030.7231371385542,1946.8205342638414,1.139776993753971,0.7281255061665322,44,2
1981.9731662947584,1699.4330968303136,0.7837708345345282,0.8037220015098585,36,1
1989.7084719359934,1813.7076968755152,0.5759369605219392,0.2649200585639958,4,2
2004.7410009630523,1963.6046998819024,1.5536734922976185,1.242348309804945,50,2
2023.405687437628,1748.332411051425,1.1667504290149024,1.267562202705944,20,2
1982.0515552597844,1888.3243033687343,1.425147510048332,0.7152520964713298,6,2
1996.494791905635,1862.0144899126099,0.8574109882998324,1.0917401400099462,15,1
2061.519793186114,1895.0998199293085,1.0472043895905885,0.6220766750342119,2,1
2001.6750468934433,1884.092214989898,0.8924019321919655,0.9904829544942532,14,2
2100.1765707789855,1859.9912054446036,1.4723397618170653,1.5203353966068598,33,1
2035.6195897374237,1920.0385527286087,0.4202370804006651,0.4213794784590778,32,1
2031.0665826135576,1908.54127265359,1.1206452303280965,1.3176648925882724,21,1
1973.267712074488,1848.929665873316,0.6691853275142526,0.596983054425011,42,1
2057.7464514728595,1874.2654988228257,1.206006743637243,2.014535955999762,27,2
1977.2468398820597,1905.1122501780007,0.04694687437515421,0.0,36,1
1892.6514172017442,1898.9103075178361,0.7599357421054571,0.3308016838844178,26,2
2003.3947031507369,1858.576180639227,0.36285063274054585,1.1707850156154547,38,1
2032.414787691911,1782.394439045093,0.9942045489677904,0.2789207761969865,24,1
1968.605323414426,1864.9967914481738,1.0953834971339944,0.8158587880242563,53,2
2115.4485730017173,1965.9784878538903,0.530438871335489,1.2628993740585945,18,2
2028.6643616419565,1928.1861717046086,0.3650330053398426,0.9795727947285524,48,2
2061.9991047705366,1769.9926425291283,0.991733889895991,0.8396094210655386,29,2
2040.7322133239038,1859.508744415417,1.1522987681959107,1.5756708427927915,43,1
2014.4503590773515,1846.7694110969337,0.31930565902915864,0.9081217866275084,55,2
2036.7550004450868,1878.4041979277683,0.18723291527554764,0.5173698290232366,28,2
2077.092832822141,1893.1196487298591,0.20016734058062324,1.1230309414342439,12,1
1994.613731373258,1932.4784520281466,1.3612427271356107,0.8134069698705573,35,1
1938.4823402484005,1931.4019419792282,0.6879056597446441,0.9342790882962501,54,2
1993.864062661961,1859.8646755244138,1.5642752541239218,0.4943319194457826,58,2
1970.1621933268204,2013.4001948138655,0.7576120285193335,1.9470565055381335,7,2
2036.5241725745418,1966.1094307033914,0.6534744570939421,0.49957707987946937,26,2
2017.8518400339683,1849.415683092653,0.9401882169372341,0.483405178156205,26,2
2017.298233561141,1901.0197240716398,1.2822410719748794,0.8837979050588302,44,2
2134.882906396889,1909.1355044743937,1.3579813784008035,1.456118009136959,21,2
2059.304115764303,1795.7154322945348,0.9811532259509613,1.4458033184798764,20,1
2117.0604394490642,1863.3540990570623,0.8114162110633358,1.3926038458035706,19,2
2084.145245035308,1786.8998378862348,0.7730197837309534,0.5692971817984979,59,2
1943.3887771805275,1929.9940244669697,1.005000133118972,0.3163540081434293,19,1
2064.3410725746057,1845.3455382548032,0.9480123092902532,0.8463690172971977,59,1
1963.827533493068,1923.8015471785016,1.121221839334487,1.2346107580069425,53,2
2130.874836669023,1902.365770640174,0.6823858653988513,0.6403791059016151,21,2
2055.729282506206,1898.21083577381,1.070888463252245,0.9962922618848614,35,2
1967.3387411523147,1813.3906882748472,0.5384566159896489,1.1770071618178561,55,2
1991.258674627762,1889.7840147498346,1.0319551165281327,0.07666466218559653,12,1
2073.323749229926,1929.1403897407913,0.9823492261977883,1.302124730078669,19,2
2025.5191570703578,1875.2820786936493,0.4103987900603831,1.0773816843339934,51,2
1999.2200515438053,1867.0220247001464,0.6965473137918263,0.2551644368744457,58,1
2033.8141006575138,1741.441012006535,1.12683446930065,0.6682436685084533,8,1
1993.9193940275156,1948.4906393500878,1.3667285060094927,0.9196496623719514,50,2
2043.8461869231207,1764.4925251366712,1.1259087921657716,0.8241475919001233,24,2
1945.9237862314974,1819.156935915744,1.210056101465452,1.1354626958359524,44,1
2064.150973372535,1840.8275934060737,0.67567794955164,0.9845288501972188,51,2
2141.208308238386,1890.6319203537103,0.870811846311774,0.20632418844764977,59,1
2056.7448434059493,1915.900593680197,1.3776711251611258,0.8442736615689497,42,1
2022.8015426338436,1782.4841747327187,0.5238826946797301,0.9976178842104064,34,2
1949.5670229070895,1753.8700708538122,1.4882632481834217,0.5622209182866801,7,1
2080.5472362384794,1854.8585632353604,0.7058214432608644,0.2128888895665363,34,1
2071.7031352579174,1887.3927054822373,1.4157638143017437,0.34095517162774525,24,1
2066.2824857876813,1884.2439382313619,0.7127624935244872,0.2874993255638749,49,2
2035.696617027763,1929.398006979916,0.4928251679484811,1.3488881491125329,19,2
1964.553016011665,1928.8771152861505,0.6558623741036713,0.5464735516802707,16,1
2047.5173257874187,1854.3165287142378,0.9012582887825232,0.6062014757242462,57,2
1959.8781129323888,1878.3337733976177,0.8383964803734294,0.7176173793784839,3,1
2031.2980117266313,1937.2037497614394,0.5413395664039832,0.9252695097928275,11,1
2032.93659443739,1969.1284973941758,1.0760839710538448,1.255728233319158,37,2
2075.0059415027163,1848.2256027714413,0.802522414761146,0.8699006757847593,9,2
2069.769359453592,1853.376273819234,1.2039608938540947,1.0331571166534879,13,2
1975.8751303100141,1798.6869045437807,0.8773978653656022,1.4443704156255732,7,1
2059.8548857924025,1936.1490233003638,0.5516017261677164,0.656008338162136,21,1
1959.9018486663774,1835.042683041088,1.033304450850414,0.971142839567905,23,1
2003.5141669422217,1745.9692837814696,0.7577680001859459,0.775221972018874,16,2
2041.5921931678342,1894.2803532511873,0.3171879676454987,0.5133760099247977,33,2
2025.6578263449608,1815.628189379484,0.8291991931569647,1.2453019470292872,56,1
2010.0786915378762,1787.2989785576651,1.4456573541985969,0.8871274614387478,11,2
2015.995967705893,1881.1962140665355,1.3940227503055598,0.4549077382363542,8,2
1978.5182546458507,1769.297064504005,0.6194521870968728,0.6258717185051897,54,2
2082.277934427517,1837.8375454175819,1.3235047551306676,0.827583348802133,18,2
2036.38705938092,1968.7837487943123,0.4059653674467063,1.2953334502575191,14,1
2099.6094592248446,1774.9070078089019,1.548819715396217,0.7456500674771792,42,2
1977.5470475883876,1781.3917143743452,0.5997772814558358,1.0596910796716064,59,1
2027.6499339108725,1829.2059981852976,1.5702646183209925,1.3510095763559347,22,1
2011.360759968712,1843.4765942717947,0.3082726450349771,1.1470451659118708,49,1
2075.1882580114966,1944.916473597612,0.8665614763705978,0.7387848133970014,40,2
2029.1811677468436,1748.7002930259578,0.8681831326778262,1.4168233733635098,26,2
2088.571270131443,1890.1251089294672,0.8587510698484107,1.3972793877038585,30,1
2041.0887864615086,1862.0023299689606,0.7082051914334212,1.017396820046178,57,2
2052.92744317552,1890.7607498478974,0.6953290876222038,0.7125212798226027,20,1
1928.5724932562978,1874.5691507051688,1.3593018781963053,0.8667879769961752,30,2
1964.066916986753,1892.551100721791,1.6273441905436505,0.9594212714536033,19,1
1944.5298390878552,1858.0100454154535,0.7202038111104951,0.483885372988815,34,2
1922.6624770472506,1837.316779767648,0.8819574128707109,0.6262939414677873,10,2
1973.062380089867,1927.349048620497,0.8716503216568222,0.4213977231264869,40,2
2000.838734719227,1863.9255372045843,1.065153148694221,1.0262259080720602,29,2
2024.9010515590267,1766.6141822112406,0.9345690116634955,0.9496265678448016,27,2
2055.5290843362523,1878.828443010778,0.9142644732152744,1.1574305840554293,20,1
2070.308719831251,1874.9050915696846,0.83173076095414,0.15713594604088643,47,1
1972.3930199639535,1808.9238810088298,0.9533298444497845,0.633794963203294,41,2
2106.1711922708973,1844.375134335531,0.6911822551299267,0.8297051586894605,20,1
1992.631594662477,1852.098103601581,0.8474034065045866,1.0996589680443154,13,2
2078.5602911348938,1831.9002008060222,1.1409365874856656,0.9843342108724336,56,1
2023.9445738165377,1901.6274096748436,1.6378057951322864,0.6975412067477775,17,1
2042.5988341330042,1847.9161697163952,0.8800552625834014,0.8449438720034372,24,2
2029.1844315788387,1984.959382735385,1.414357317560583,0.6409967819103224,35,2
2018.5515330281673,1856.976762467813,1.475266272680178,0.939725996095471,45,2
1992.1753841122197,1910.1421213533674,0.9198826600757122,0.22948486147719416,47,1
2006.814552640073,1847.3317726685061,0.9313057795904306,0.3175487074993323,48,1
2025.2640467859437,1896.3556852340205,1.324350382915669,0.9976684134574345,54,1
2032.4848229200936,1902.6795577004846,0.5262916473772482,0.7797309731536695,59,1
2071.5516038460123,1850.356149698545,1.2077298358945543,0.7813344431739851,20,2
2057.724639824305,1847.849336454442,0.7776409139994858,0.7554535414518285,31,2
2068.648970617759,1813.1517098850356,0.2932076940399303,0.3715048383371623,57,1
2025.9261028648907,1964.515509385256,0.9578791599170268,1.578883349061704,44,1
2079.639052165026,1926.7898280349145,0.6045956461643334,0.9996270559724397,55,1
2021.469842908241,1852.6383324980666,1.5397665754250274,0.5141730919148382,6,1
2014.7174840106402,1940.8641363093018,0.7365701882165205,0.7595420099245251,10,2
1945.7473170516455,1862.3411875630932,1.121544601339554,0.7549832953624174,10,2
1972.437260757637,1819.6752442083439,0.7439493559625546,0.30776272475214417,10,2
2021.8949774384264,1853.0355202067906,0.8220422129225962,1.3603057936515937,4,2
1964.8110612098722,1813.5900044293699,1.5109098812499386,0.9244241205145267,4,1
1966.9956633157017,1897.9782926302069,1.1633237794138245,0.347728770278549,2,2
2020.6763182315844,1861.2476042074697,1.388350895395745,0.4351845047852831,26,1
1966.7580561576833,1857.5088050477996,1.0121661201792103,1.0417066116824354,12,2
2068.2667271158157,1934.2852376384767,1.3348970188819584,1.6174042427834627,56,2
1908.201303542291,1811.6810594621347,1.6210915989813937,0.11589115986041587,35,2
1918.4998423760273,1848.5024034706196,1.2789432916366281,0.994626901520009,56,1
2110.3043634237024,1891.2640497018576,0.7378495658162629,0.8873239765065828,45,2
1923.373550292651,1862.728119199488,0.9168425423790412,0.3172506580635557,57,1
2017.8123675695947,1828.8630398965965,0.20284507684768638,1.1225433841762291,45,2
2041.8806432638667,1911.1846131779182,0.9989975157150365,0.7670859347328441,2,2
2034.4523851925217,1916.0369081990123,0.7015917007303422,0.8788140341809836,8,1
2114.618884722171,1927.3405251971792,1.5836155724781968,0.0,39,2
2021.546008443842,1935.4704092423203,0.5013245365867095,0.5117491115586621,59,1
2071.3923687754454,1906.946042018283,0.0,1.8105527169411952,59,2
2015.0189059679956,1919.2732734285746,1.0591132931279772,0.6532025565823487,27,2
2071.4554210261354,1776.1620262153112,0.7966227501637444,0.26222940389409743,47,1
1987.3560432122458,1780.8396084224612,0.9671678963244306,1.1681170515037052,15,2
2044.8071358352151,1682.9686509143824,1.1905647249102698,0.96268906637029,54,2
1951.8123846725925,1941.8936266345686,1.0357835923843544,0.8374286123964008,33,1
1998.5221948695764,1783.2902450280753,1.016847093943814,0.6388275438117237,59,1
1977.7058608794007,1888.903103938233,0.8609316240737996,1.283475007813247,3,2
